,CAABCode,,,,,,,,,,,,,,,,,,,,,,,,,,,,,,,,,,,,,,,,,,,,,,,,,,,,,,,,,,,,,,,,,,,,,,,,,,,,,,,,,,,,,,,,,,,,,,,,,,,,,,,,,,,,,,,,,,,,,,,,,,,,,,,,,,,,,,,,,,,,,,,,,,,,,,,,,,,,,,,,,,,,,,,,,,,,,,,,,,,,,,,,,,,,,,,,,,,,,,,,,,,,,,,,,,,,,,,,,,,,,,,,,,,,,,,,,,,,,,,,,,,,,,,,,,,,,,,,,,,,,,,,,,,,,,,,,,,,,,,,,,,,,,,,,,,,,,,,,,,,,,,,,,,,,,,,,,,,,,,,,,,,,,,,,,,,,,,,,,,,,,,,,,,,,,,,,,,,,,,,,,,,,,,,,,,,,,,,,,,,,,,,,,,,,,,,,,,,,,,,,,
FinancialYear,23607000,23615000,23617006,23659901,25416001,28711000,28784000,28795004,28850000,28911005,28911902,37000000,37005004,37008001,37010001,37013006,37013007,37013008,37013014,37013900,37017001,37017008,37018000,37018001,37018002,37018003,37018004,37018005,37018006,37018007,37018008,37018009,37018010,37018011,37018013,37018014,37018015,37018016,37018020,37018021,37018022,37018023,37018026,37018027,37018029,37018030,37018032,37018033,37018034,37018035,37018036,37018038,37018903,37019000,37019001,37019002,37020901,37026001,37026900,37027000,37027006,37031000,37035000,37035004,37039003,37053001,37054001,37055000,37060000,37063002,37085000,37085007,37085019,37085903,37086001,37087001,37088002,37094900,37117001,37118002,37118901,37142001,37165003,37188001,37188005,37192000,37192006,37232000,37234000,37235000,37255009,37258000,37258001,37261000,37287000,37287049,37287066,37288000,37296000,37296001,37296004,37296007,37296021,37296023,37296033,37310001,37310006,37311006,37311007,37311008,37311009,37311011,37311012,37311014,37311021,37311034,37311040,37311042,37311044,37311045,37311047,37311057,37311061,37311063,37311068,37311069,37311075,37311076,37311077,37311079,37311081,37311082,37311083,37311085,37311086,37311090,37311096,37311136,37311137,37311138,37311140,37311141,37311145,37311150,37311151,37311152,37311166,37311170,37311173,37311904,37311905,37311908,37311909,37311910,37320003,37321001,37321007,37321008,37321009,37321014,37321018,37321019,37321026,37323004,37326000,37326001,37327047,37327102,37330000,37330005,37330006,37330010,37330015,37331006,37334002,37335001,37336002,37337000,37337003,37337006,37337007,37337011,37337012,37337016,37337018,37337022,37337025,37337027,37337028,37337029,37337032,37337037,37337038,37337039,37337040,37337042,37337048,37337050,37337052,37337053,37337062,37337064,37337066,37337072,37337075,37337904,37337905,37337907,37337911,37338001,37342000,37346000,37346001,37346002,37346003,37346004,37346005,37346006,37346007,37346010,37346011,37346014,37346015,37346016,37346017,37346018,37346025,37346027,37346028,37346029,37346030,37346031,37346032,37346034,37346036,37346038,37346045,37346047,37346049,37346053,37346054,37346055,37346056,37346058,37346060,37346064,37346065,37346901,37346910,37346911,37346915,37347000,37347005,37347006,37347007,37347901,37348001,37349000,37349001,37350002,37350003,37350011,37350012,37350014,37350902,37351000,37351002,37351004,37351005,37351006,37351007,37351008,37351009,37351010,37351011,37351012,37351013,37351014,37351016,37351018,37351019,37351020,37351022,37351025,37351026,37351027,37351901,37353000,37353001,37353004,37353006,37353011,37353013,37354000,37354001,37354003,37354006,37354007,37354019,37354020,37354024,37355000,37355900,37356002,37357012,37359001,37361000,37361004,37361007,37362000,37362002,37362005,37363002,37363900,37371002,37372012,37377000,37377004,37377009,37377011,37378002,37381000,37381008,37381009,37382001,37382901,37383000,37383002,37383004,37383005,37384000,37384007,37384010,37384025,37384042,37384043,37384054,37384072,37384073,37384076,37384104,37384122,37384167,37384902,37384904,37388000,37390000,37400000,37428219,37429010,37429038,37437019,37438000,37438013,37439002,37440000,37441002,37441003,37441005,37441007,37441008,37441009,37441010,37441011,37441013,37441014,37441015,37441018,37441024,37441025,37441029,37441791,37441909,37441911,37441912,37444000,37444002,37444003,37444005,37444006,37444007,37445001,37457001,37460000,37464007,37465000,37465900,37467009,37990003,37990005,37990006,37990007,37990013,37990085,37999039,99280002,99370001,99370005,99370006,99370007,99370009,Unknown,Grand Total
1989-90,,,,,,,,,,,,902.40,,,,,,,,,,,,,,,,,,,,,,,,,,,,,,,,,,,,,,,,,,,,,,,,,N/A,,,,,,,,,,,,,,,,,,,,,,,,,,,,1930.00,,,,,,,,,,79.40,,,,,,,,3699.90,,,,,,,,,,,,199.48,,,,,,,,,,,,,,N/A,,1207.58,,,,,,,,,,,,,,,,486751.67,,7753.12,,2763.50,,,,,,,,,,,,,,,,,N/A,,,,572.80,,N/A,,N/A,N/A,,,,,,,N/A,,,,,,,,,,,,32910.62,,,,,,N/A,1037.00,,,,,N/A,,,,19600.50,,,N/A,,,,N/A,,,,,,,,,,2117.91,,,,,,,,,,,,,,N/A,4072.86,4432.17,1843.50,,,,,,,N/A,,,,,,,,425.68,N/A,,,,,,11162.46,201147.07,,,,,,,N/A,,,,,,,,N/A,3682.88,,,,,,8200.10,,,,N/A,,,,,,,,,,,,,,,,,,499.21,,,,,N/A,,,,N/A,,,669.20,415.00,1282.60,,,,N/A,,,,,,,,,1104.10,,,,,,,,,,,,,,N/A,,66870.62,,,,,,N/A,N/A,3821.47,,11745.88,,,N/A,951.07,,,,,,,,,,,,,,,11150.09,,56170.60,35032.60,,,,,749.60,2842.49,N/A,N/A,,180.60,1000382.02
1990-91,,N/A,,,,,,,,,,9560.43,,,,,,,,,,,,,,,,,,,,,,,,,,,,,,,,,,,,,,,,,,,,,,,,,N/A,,,,,,,,,,,,,,,N/A,,,,,,,,,,,,,1695.00,,,,,,,,,,85.50,,,,,,,,2804.18,,,,,,,,,,,,828.10,,,N/A,,,,,,,,,,,N/A,,4031.27,,,,,,,,,,,,,,,,1377906.54,N/A,34160.23,,1747.40,,,,,,,,,,,,,,N/A,,,107.00,,,N/A,2695.50,,2580.90,,N/A,645.65,,N/A,,,,N/A,N/A,,,,,,,,,,,,84830.44,N/A,,,,,N/A,5128.00,,,N/A,N/A,1040.70,,,,67669.91,,,13720.22,,,,264.90,,,,,,,,,,8580.87,,,,,,,,,,,,,,730.60,34833.10,10515.92,2635.10,,,,,,,N/A,,,,,,,,995.80,6743.61,,N/A,,,,35565.08,566889.94,,,,,,N/A,N/A,,,,,,,,313.95,19398.90,,,,,N/A,16806.50,,,,463.52,,,,,,,,,,N/A,,,,,,,,471.09,,,,,732.20,,,,304.00,N/A,,4416.20,486.30,7368.60,,,,N/A,,,,,,,,,4501.50,,,,,,,,,,,,,,976.10,,507759.28,,,,,,1184.93,6385.81,38152.97,N/A,83340.50,,,N/A,4990.72,,,,,,,,,,,,N/A,,,32533.41,,150162.35,85863.10,,,,N/A,133.00,14250.75,N/A,N/A,,406.60,3266682.50
1991-92,,,,,,,N/A,,,,,39291.70,,,,,,,,,,,,,,,,,,,,,,,,,,,,,,,,,,,,,,,,,,,,,,,,,N/A,,,,,,,,,,,,,,,N/A,,,,,,,,,,,,,2701.60,,,,,,,,,,186.00,,,,,,,,913.80,,,,,,,,N/A,,,,1978.30,,,N/A,,,,N/A,,,,,,,N/A,,6703.60,,,,,,,,,,,,,,,,1451492.11,,37171.28,N/A,3625.50,,,,,,,,,,,,,,N/A,,,N/A,,,N/A,2157.10,,15600.15,,N/A,1749.95,,N/A,,,,N/A,N/A,,,,N/A,,,,,,,,40053.02,N/A,,,,,,524.00,,N/A,N/A,N/A,2530.80,,,,59446.72,N/A,,16779.10,,N/A,,157.20,,,,,N/A,,,,,10716.70,,,,,,,,,,,,,,N/A,33897.46,16283.66,4934.20,,,,,,,,,,,N/A,,,,1264.90,22569.50,,N/A,,,,21435.30,644386.00,,,,,,N/A,N/A,,,,,,,,N/A,18189.10,,,,,N/A,13991.80,,,,1078.00,,,,,,,,,N/A,N/A,,,,,,,,878.70,,,,,N/A,,N/A,,363.90,N/A,,409.10,N/A,9989.40,,,,171.10,,,,,,,,,6400.00,,,,,,,,,,,,,N/A,1389.09,,401066.68,,,,,,1041.23,5632.37,7595.69,421.57,59180.99,,,,7059.79,N/A,,,,,,,,,N/A,,,,,22522.86,,124245.80,86053.30,,,,,N/A,22617.70,N/A,N/A,,1221.70,3245387.56
1992-93,,,,,,,N/A,,,,,122225.50,,,,,,,,,,,,,,,,,,,,,,,,N/A,,,,,,,,,,,,,,,,,,,,,,,,,,,,,,,,,,,,,,,,,,,,,,,,,,,,,2230.10,,,,,,,,,,N/A,,,,,,,,N/A,,,,,,,,,,,,2430.10,,,,,,,,,,,,,,320.70,,3322.82,,,,,,,,,,,,,,,,1448628.19,,38845.08,N/A,817.15,,,,,,,,,,,,,,N/A,,,,,,N/A,5732.36,,63106.49,,N/A,497.25,,N/A,,,,N/A,N/A,,,,N/A,,,,,,,,7402.67,N/A,,,,,N/A,2053.72,,N/A,N/A,,N/A,,,,31899.08,N/A,,15242.57,,1105.40,,701.80,,,,,N/A,,,,,3323.36,,,,,,,,,,,,,,72.50,21782.30,12337.48,5392.30,,,,,,,,,,,589.25,,,,1047.30,51333.83,,N/A,,N/A,,20183.20,586214.98,,,,,,,485.50,,,,,,,,273.50,15696.10,,,,,,3815.80,,,,N/A,,N/A,,,,,,,N/A,N/A,,,,,,,,413.30,,,,,,,N/A,,131.90,,,N/A,N/A,13938.80,N/A,,,410.00,,,,,,,,,7689.85,,,,,,,,,,,,,N/A,,,410942.04,,,N/A,,N/A,2926.31,11510.18,2563.15,N/A,65380.82,,,N/A,4633.32,445.50,N/A,,,,,,,,,,N/A,,,28306.11,,46314.80,80046.10,,,,,N/A,45540.70,,N/A,,5491.32,3207137.61
1993-94,,N/A,,,,,,,,,,115931.16,,,,,,,,,,,,,,,,,,,,,,,,N/A,,,,,,,,,,,,,,,,,,,,,,,,,N/A,,N/A,,,,,,,,,,,,,,,,,,,,,,,,,,4136.10,N/A,,,,,,,,,113.70,,,,,,,,N/A,N/A,,,,,,,,,,,2851.10,,,,,,,,,,,,,,233.10,,2193.60,,,,,,,,N/A,,N/A,,,,,,1320760.49,,50528.04,,626.71,,,,,,,,,,,,,,N/A,,,,,,N/A,6416.85,,65634.98,,N/A,1314.50,,,,,,N/A,,,,,N/A,,,,,,,,,N/A,,,,,N/A,619.30,,N/A,N/A,N/A,N/A,,,,20835.89,1019.90,,22539.67,,3185.30,,676.90,,,,,N/A,,N/A,,,2247.51,,,,,,,,,,,,,,N/A,9481.30,18781.25,3100.90,,,,,,,,,,,1070.04,,,,2282.97,63262.74,,N/A,,N/A,,23379.20,675727.81,,,,,,,352.00,,,,,,,,517.00,11815.27,N/A,,,,N/A,7461.80,,,,773.10,,,,,,,,,N/A,N/A,N/A,,,,,,,737.50,,,,N/A,N/A,,,,125.30,N/A,,N/A,,16216.50,,,,1534.50,,,,,,,,,12443.52,,,,,,,,,,,,,N/A,,,417044.13,,,N/A,,,5326.08,18287.44,2592.53,472.46,54706.69,,,N/A,13144.46,528.00,,,,,,,,,,,,,,17420.22,,19240.10,90804.87,,,,,1120.00,103125.00,,N/A,,6224.00,3224495.56
1994-95,,N/A,,,,,N/A,,,,N/A,71537.46,,,,,,,,,,,,,,,,,,,,,,,,N/A,,,,,,,,,,,,,,,,,,,,,,,,,N/A,,N/A,,,,,,,,,,,,,N/A,,,,,,,,,,,,,1989.60,,,,,,,,,,N/A,,,,,,,,,N/A,N/A,,,,,N/A,120.20,,,,3358.50,N/A,,,,,,,,,,,,,114.40,,3904.42,,,,,,,,N/A,,,,N/A,,,N/A,1387027.08,,54260.32,,3806.90,,,,,,,,,,,,,,N/A,,,,,,,4129.95,,69328.07,,N/A,992.00,,,,,,N/A,N/A,,N/A,,212.50,,,,,,,,,N/A,,,,,N/A,1535.00,,N/A,N/A,N/A,139.50,,,,31535.23,3296.10,,27998.53,,2730.20,,442.00,,,,,208.30,,N/A,,,2258.20,,,,,,,,,,,,,,230.55,15864.60,43755.81,12643.55,,,,,,,,,,,1421.36,,,,575.30,74638.35,,255.00,N/A,254.75,,16502.57,604852.93,,,,,,,2279.46,,,,,,,N/A,1086.20,25901.92,N/A,N/A,,,,3101.80,N/A,,,N/A,,,,,,,,,N/A,N/A,,,,,,,,592.20,,,,,,,,,199.80,2593.00,,N/A,N/A,12677.00,,,,2980.03,N/A,,,,,,,,22979.92,,,,,,,,,,,,,422.20,,,403002.75,,,N/A,,N/A,2935.12,3594.12,4842.04,N/A,64662.63,N/A,,N/A,10368.63,268.00,,,,,,,,,,,,,,27002.43,,19803.70,94630.60,,,,N/A,2508.00,154689.32,,N/A,,4188.60,3321698.16
1995-96,N/A,N/A,,,,,N/A,,,N/A,N/A,76333.84,,,,,,,,,,,,,,,,,,,,,,,,N/A,,,,,,,,,,,,,,,,,,,,,,,,N/A,N/A,,N/A,,,,2.10,,,,,N/A,,,,N/A,,,,,N/A,,,,,,,,3025.00,,,,,,,,,,108.30,,,,,,,N/A,42.50,N/A,195.20,,,,,N/A,N/A,,,,3734.28,,,58.00,,N/A,,N/A,,,,,,,99.80,,9147.60,,,,,,,,N/A,,,,N/A,,,N/A,1673293.92,N/A,59008.23,N/A,9646.00,,,N/A,,N/A,,,,N/A,,,,,445.00,,,,,,N/A,4513.00,N/A,91618.19,,301.00,2268.10,,N/A,,,,N/A,69.20,,,,285.45,,,,,,,,,N/A,N/A,,,,35.00,1386.50,N/A,232.00,84.40,N/A,1475.50,,,,31803.28,7078.60,,44725.55,N/A,2683.10,,1011.80,,,N/A,,176.40,,N/A,,,11709.40,,,,,,,,,,,,,,443.80,38548.20,62539.87,18244.10,,,,,,,,N/A,,,2099.90,,,,230.74,78741.85,,165.60,N/A,370.38,N/A,22864.95,627999.61,,,,,,N/A,11068.93,,,,,,,,1450.06,53607.00,N/A,N/A,N/A,,,1083.00,,,,1145.60,N/A,,,,,,N/A,,,N/A,N/A,,N/A,,,,,1889.58,,,,,,,,,165.00,556.63,,N/A,700.00,7792.51,,,,2419.50,N/A,,,,,,,,28213.79,,,,,,,,,,,,,N/A,,,390436.07,,,N/A,,N/A,2309.11,2894.91,8765.03,N/A,67251.16,N/A,,N/A,17994.59,447.30,N/A,,N/A,,N/A,,N/A,,N/A,,,,,24228.72,N/A,28452.00,87509.40,,,,N/A,N/A,151173.30,,N/A,,3271.80,3792213.02
1996-97,N/A,N/A,,,,,N/A,,,N/A,390.39,104788.62,,,N/A,,,,,N/A,,,,N/A,,,,,,,,,,,,N/A,,,,,N/A,,,,,,,,,,,,,,,,,,,N/A,N/A,,N/A,,,N/A,0.00,N/A,,,,,,,,N/A,,,,,N/A,N/A,,,N/A,,,,3179.00,,,,,,,,,,345.67,,,,,,,N/A,875.23,N/A,398.80,,,,,N/A,N/A,N/A,,,5662.21,N/A,,420.50,,,N/A,N/A,N/A,,,N/A,,,512.90,N/A,8871.60,,,,,,,,N/A,,,,113.90,,,N/A,1644471.72,N/A,86119.11,N/A,20619.00,,,N/A,,17.20,N/A,N/A,,0.00,,,,,216.00,,,,,,N/A,8811.30,N/A,75299.12,,567.00,1842.60,,458.40,N/A,,N/A,882.90,667.07,,171.44,,139.05,,N/A,,,,,,N/A,N/A,N/A,N/A,N/A,N/A,N/A,1891.50,2492.62,63.75,515.00,,6599.20,,N/A,,46620.24,26551.85,,94383.62,N/A,3367.32,,2210.95,N/A,N/A,,,198.80,,255.20,,,16001.32,,,,,,N/A,,,,,,,,1536.94,53090.25,93009.90,11438.06,,,,,,,,N/A,,N/A,3799.50,,N/A,,3439.83,118526.17,,1206.42,N/A,1075.90,N/A,39675.14,843055.97,,,,,,,9461.10,,,,,,,,2430.50,68008.93,N/A,N/A,N/A,,444.70,2097.80,N/A,,,2136.65,N/A,,,,,,N/A,,N/A,619.90,19.83,,40.40,,,N/A,,2326.68,,,,,N/A,,,,193.90,1052.25,,3098.70,328.80,9805.80,N/A,,,661.00,N/A,,N/A,,,,,,41348.32,,,,,,,,,,,,N/A,807.20,N/A,N/A,494040.33,,,917.70,,153.11,3067.14,11386.28,6593.64,1167.40,57926.81,650.00,,265.00,20973.32,1204.02,938.98,N/A,N/A,175.00,14894.20,,,N/A,N/A,,N/A,N/A,N/A,29641.91,N/A,55497.20,104871.20,,,,N/A,N/A,168426.68,,N/A,N/A,2824.72,4463827.43
1997-98,,N/A,,,,,N/A,,,N/A,299.50,130060.11,,,,,,,N/A,N/A,,,N/A,N/A,,,,,,,,,,,,N/A,,,,,,,,,,,,,,,,,,,,,,,,N/A,,,10.70,,,N/A,3.00,,,,,N/A,,,,1051.20,,,,,N/A,N/A,,,N/A,,N/A,,2768.00,N/A,,,,,,,N/A,,248.52,,N/A,,,,,N/A,913.48,N/A,877.20,,,N/A,N/A,N/A,285.10,,,,9550.18,125.90,,799.50,N/A,,,N/A,N/A,,,,,,623.55,N/A,15599.85,,,,,,,,N/A,,,,598.35,,,102.00,1487422.50,623.10,124442.47,225.92,19039.00,,,,,8.50,,N/A,,0.00,,,,,266.45,,,,,,,7814.98,,83635.52,,92.52,2527.90,,288.50,N/A,,N/A,1521.10,315.69,,113.44,,176.19,N/A,N/A,,,N/A,,,,1587.40,212.50,,N/A,N/A,N/A,1188.82,2744.54,466.00,1135.04,,3133.72,,9419.90,,97505.50,15662.60,,144148.68,,3870.85,N/A,1249.25,N/A,363.30,,,2077.64,,320.20,,,62615.24,,N/A,,,,N/A,,,,,,,,1900.74,106904.66,112498.36,12052.20,,,,N/A,,,,,,,3937.90,,N/A,,1655.64,166301.77,,2922.70,606.55,2554.08,N/A,53875.80,845798.35,,,,,,N/A,10069.06,,,,,,N/A,,5574.11,94474.32,N/A,,N/A,N/A,4676.00,N/A,1233.50,N/A,,1053.30,N/A,,,,,,N/A,,N/A,823.20,,,9.25,,,,,3074.65,,,,,,,,,305.30,602.00,,185.00,542.00,16359.71,N/A,N/A,,2106.10,N/A,,N/A,,,,,,45538.85,,,,,,,,,,,,N/A,1053.82,N/A,,655402.47,,,548.88,,480.34,6587.98,16133.99,12566.63,2273.09,70619.57,892.00,,689.51,24307.09,2425.39,3845.79,N/A,N/A,595.00,14030.17,,,N/A,N/A,,,N/A,,41825.80,N/A,49027.50,140214.55,,,,N/A,2069.00,243333.89,,12.80,,6661.82,5044368.82
1998-99,,N/A,,N/A,,,N/A,,N/A,N/A,594.80,127198.42,,,,,,,N/A,,,,N/A,N/A,,,,,,,,,,,,28.90,,,,,N/A,,,,,,,,,,,,,,N/A,,,,,,,,N/A,,,N/A,14.12,,N/A,,,N/A,,,,N/A,,N/A,,,,,,N/A,N/A,,N/A,,2830.00,,,,,,,,N/A,,365.57,,N/A,,,,,N/A,1960.52,N/A,919.68,,,N/A,N/A,162.30,357.89,N/A,,,11944.91,85.20,,456.35,N/A,,,N/A,N/A,N/A,,N/A,,,158.00,N/A,10953.71,,,,,,,,N/A,,,,375.75,,,136.35,1537494.64,674.84,119457.76,1274.10,21464.67,,,N/A,N/A,26.70,,N/A,N/A,10.00,,,,,143.60,N/A,,,,,,8483.80,N/A,94520.88,,N/A,1863.90,,311.70,,,N/A,4493.82,1076.91,,339.72,,477.45,,N/A,,,N/A,,,N/A,2235.00,77.80,,N/A,N/A,N/A,3068.29,2216.46,N/A,977.95,,1539.76,,29940.05,,120505.02,32613.08,,269323.41,N/A,4076.21,,2050.59,N/A,123.00,N/A,,1480.86,N/A,128.90,,,86031.31,,N/A,,,,N/A,,,,,,,,8062.25,145733.10,87223.66,10696.06,,N/A,,N/A,N/A,,N/A,,,N/A,2175.10,,N/A,,2855.20,179665.46,,1982.96,2206.85,2542.58,N/A,48364.30,757117.06,,,,,,N/A,6063.05,,,,,,N/A,,1917.54,67673.62,N/A,N/A,3.70,N/A,3927.87,N/A,N/A,N/A,,3127.44,N/A,N/A,N/A,,N/A,,N/A,,N/A,471.90,7.50,,34.25,,,,,2953.92,,,,N/A,N/A,,,,192.20,316.66,,255.80,1327.72,10303.19,N/A,N/A,,1344.16,,N/A,N/A,,,N/A,,,40205.47,,,,,,,,,N/A,N/A,,N/A,1291.88,N/A,,602371.08,,,1105.20,,300.70,4422.80,8500.49,4367.32,1214.64,54259.42,380.20,,821.40,24749.41,1636.37,931.79,,N/A,27.50,5067.99,,N/A,,N/A,,N/A,N/A,,72984.35,N/A,49794.24,149820.10,,,,N/A,N/A,236138.99,,N/A,N/A,17303.08,5146405.49
1999-00,,N/A,,N/A,,,N/A,,N/A,N/A,N/A,120371.46,,,,,,,,,,,N/A,N/A,,,,,,,,,,,,180.04,,,,,,,,,,,,,,,,N/A,,,N/A,,,,,,,,N/A,,,,6.00,,,,,,N/A,,,N/A,N/A,,,,,N/A,,,N/A,,N/A,,4306.00,N/A,,,,,,,N/A,,180.81,,N/A,,N/A,,,N/A,1696.67,N/A,546.20,,,N/A,,N/A,265.40,,,,16487.00,87.30,,484.64,,,N/A,70.20,N/A,,,N/A,N/A,,407.20,N/A,8273.86,,,N/A,,,,,N/A,N/A,,N/A,196.80,N/A,,186.50,1660964.76,N/A,103200.04,1681.80,15236.82,,,,,6.32,,N/A,N/A,N/A,,,,,67.45,N/A,N/A,N/A,,,,5693.80,N/A,80575.81,,N/A,696.70,,363.60,,,N/A,1390.60,516.95,N/A,222.04,N/A,497.25,N/A,,,,,,,N/A,N/A,82.20,,,N/A,N/A,1185.09,2277.00,N/A,281.72,,5260.40,,34572.30,,111885.27,26093.94,,157063.54,N/A,3053.47,,2131.10,105.20,425.46,N/A,,2625.06,,466.76,,,61587.43,,N/A,N/A,,,N/A,,,,,,,,1474.64,64620.82,86583.79,8109.46,,N/A,,,N/A,,N/A,N/A,,N/A,2138.60,,N/A,,1997.21,159866.97,,1792.44,864.25,3453.94,N/A,66451.80,745358.19,,,,,N/A,N/A,7567.35,,,,,,N/A,,7614.57,40370.74,365.15,N/A,49.04,N/A,1320.00,N/A,188.00,,,3228.16,N/A,,N/A,,N/A,,N/A,,,573.98,N/A,,22.00,,,N/A,,3384.56,,,,,,N/A,,,212.98,9726.14,,135.80,23.00,5443.00,N/A,N/A,,2532.15,,,,,,N/A,,,37690.86,,,,,,,,,N/A,,,,880.40,N/A,N/A,687263.09,,,689.08,,683.14,8276.48,13753.00,6586.09,1498.05,54699.59,362.53,,153.30,17392.14,2474.75,6007.66,,N/A,152.00,5890.00,,N/A,,N/A,N/A,N/A,N/A,,48466.53,1.70,24087.39,143050.67,,,,,1356.00,209320.40,,N/A,1576.10,18065.52,4962332.72
2000-01,,,,N/A,,,N/A,N/A,N/A,N/A,535.93,179052.39,,,,,,,,N/A,,,N/A,N/A,,,,,,,,,,,,205.14,,,,,,,,,,,,,,,,N/A,,,N/A,,,,,N/A,,,83.70,N/A,,N/A,17.00,,,,N/A,,,,,178.00,N/A,N/A,,,N/A,N/A,,N/A,N/A,,N/A,,7482.00,N/A,,,,,,N/A,N/A,,217.36,,N/A,,N/A,,,N/A,3837.99,,1274.15,,,N/A,,75.50,462.46,,,,20516.95,47.50,,465.76,N/A,,,1390.00,N/A,,,N/A,,,326.95,N/A,3907.30,,,N/A,,,,,181.75,N/A,,N/A,249.40,,,N/A,1952903.64,1154.80,122529.01,3307.40,15825.42,,N/A,,N/A,1.58,N/A,N/A,N/A,0.00,,,,,157.80,,,N/A,,,N/A,5701.90,N/A,75182.23,,197.00,848.00,,305.80,,,N/A,1406.50,395.57,N/A,90.70,N/A,351.90,N/A,N/A,,,N/A,,,N/A,N/A,275.65,,N/A,N/A,N/A,2169.79,956.76,183.90,135.84,,9861.62,,29553.70,,156617.86,44000.75,,168384.48,N/A,3242.35,N/A,3559.85,28.70,N/A,N/A,,1374.66,,N/A,N/A,,54812.11,,N/A,2392.30,,,,,,,,,,,1645.43,53174.50,105826.56,22663.32,,N/A,,N/A,N/A,,,,,N/A,1513.00,,N/A,,2918.63,124992.48,,2128.62,421.25,2786.75,N/A,67944.81,836640.34,,,,,N/A,,6285.14,,,,,,N/A,,3554.03,34579.35,581.07,N/A,48.60,N/A,1426.98,N/A,307.17,,,4036.10,N/A,,N/A,,,N/A,0.00,,,478.00,15.50,,54.30,N/A,,,N/A,2351.06,,,,,N/A,,,,711.42,523.28,,102.30,74.00,4557.80,N/A,N/A,,1418.77,N/A,,,,,N/A,,,35321.06,,,,,,,,,N/A,,,N/A,1328.12,37.58,N/A,528902.61,,,739.52,N/A,912.20,9113.50,28640.20,4228.24,870.26,55323.55,504.32,,109.00,12639.77,2042.04,425.74,N/A,N/A,156.19,1415.00,,,,N/A,N/A,,,N/A,65850.37,N/A,30665.22,147888.35,,,,N/A,666.00,246959.75,,703.50,N/A,29064.45,5405285.03
2001-02,,N/A,,,,,N/A,,N/A,,702.20,131734.61,,N/A,N/A,,,,N/A,N/A,N/A,N/A,N/A,N/A,,N/A,,,,,,,,,,80.00,,,,,N/A,,,,,,,,,,,N/A,,,N/A,,,,,N/A,,,N/A,,,N/A,17.30,,N/A,N/A,,,,N/A,,162.11,N/A,3379.77,,,N/A,N/A,,N/A,,N/A,N/A,,6423.00,,,,,,,,N/A,,242.06,,,,,,N/A,N/A,4424.63,N/A,708.52,,,N/A,N/A,551.00,440.66,N/A,,,23890.87,N/A,,1477.33,N/A,N/A,,559.70,,,,232.70,N/A,,338.70,N/A,3227.72,,,N/A,,N/A,,,641.70,N/A,,,923.12,,,N/A,2173417.48,1899.10,125993.37,N/A,8637.00,,,,N/A,65.12,N/A,N/A,N/A,N/A,,,,,594.70,,,N/A,,,N/A,5935.00,N/A,70765.97,,N/A,537.40,,362.10,,,N/A,943.00,643.67,N/A,176.14,N/A,254.50,N/A,,,N/A,,,,,243.90,146.81,,N/A,N/A,N/A,4708.12,1573.28,N/A,341.34,,5571.84,,30785.50,,210319.34,50934.77,,159153.05,N/A,4766.49,N/A,3754.15,N/A,175.86,,N/A,2836.70,,5269.20,,,39188.71,,N/A,N/A,,,,,,,,N/A,,,2123.05,73281.12,101846.34,26427.20,,N/A,,N/A,N/A,,N/A,N/A,,N/A,1644.25,,N/A,,2139.87,87891.82,,4532.52,797.10,2341.58,N/A,93141.38,919246.20,,,,N/A,N/A,,8165.30,N/A,,,,,,N/A,2517.78,30560.11,313.22,80.25,77.40,N/A,5114.53,N/A,N/A,,,964.05,,,N/A,,N/A,N/A,0.00,,,625.80,21.50,,42.10,,N/A,N/A,,3432.87,,,,,N/A,,,,532.96,1280.52,,342.40,234.00,4172.80,N/A,59.96,,1803.90,,,N/A,,,N/A,,,43647.90,,,,,,,N/A,,N/A,,,,2141.66,N/A,656.40,673688.80,,,1315.40,N/A,1228.31,3218.69,6353.88,3302.01,3645.83,64916.12,557.40,N/A,221.00,16395.82,2844.29,2227.16,,N/A,227.19,21334.88,,,,N/A,N/A,,,N/A,53241.95,,37129.79,156802.49,,,,,N/A,364558.54,,458.00,N/A,35976.82,5994718.99
2002-03,N/A,,N/A,N/A,,,N/A,N/A,N/A,,788.20,131144.80,,,,,,,,,,N/A,,N/A,,,,,,,,,,,,107.00,,,,N/A,,,,,,,,,,,,N/A,,,N/A,,,N/A,,N/A,,,37.47,,N/A,0.00,41.00,N/A,,,N/A,,,,,526.50,N/A,12485.76,,,N/A,N/A,,N/A,N/A,,N/A,,2144.00,N/A,,,,,,,N/A,,328.09,,N/A,,,,N/A,N/A,3841.72,,2966.99,,,1106.20,,244.70,591.73,N/A,,,20361.82,30.50,,1208.88,N/A,79.00,,1497.30,N/A,,,71.00,N/A,,400.50,10.00,3268.64,N/A,,N/A,,N/A,N/A,,86.14,N/A,N/A,,294.96,N/A,,76.50,2097042.62,2094.94,89685.22,4212.69,10357.47,,,N/A,,53.11,N/A,N/A,N/A,N/A,,,N/A,,294.90,,,,N/A,,N/A,10309.60,N/A,59777.27,,423.78,804.90,N/A,677.20,,,7.00,878.80,1935.48,,89.00,N/A,468.50,N/A,N/A,,,,,,,301.81,119.50,,N/A,N/A,349.00,2271.80,1405.58,163.20,806.62,,2092.62,,58018.20,,185632.48,22342.25,,128442.28,,5184.18,7348.00,3532.17,N/A,337.50,N/A,N/A,1585.84,N/A,2872.70,N/A,,43114.98,,N/A,N/A,,,N/A,,,,,N/A,,,2162.46,31968.62,98345.18,21875.76,,170.44,,,,,N/A,,,N/A,1517.45,,N/A,,1423.69,71983.44,,2707.20,763.90,2060.65,N/A,72793.51,924464.11,,,,N/A,N/A,,10202.47,,,,,,,1151.90,3483.51,26827.21,120.19,31.10,107.80,N/A,3763.98,,276.00,,,1213.50,N/A,,,,N/A,N/A,12.84,,,50.32,6.90,,55.90,,N/A,N/A,,3790.42,,,,N/A,N/A,,,N/A,319.12,3314.72,,318.80,118.39,1251.90,N/A,94.30,,5019.80,N/A,,N/A,,,N/A,,,45569.68,,N/A,,N/A,,,N/A,,N/A,N/A,,,850.24,214.00,N/A,723251.86,,,1215.18,,737.80,6379.10,63976.10,2443.38,2240.30,50129.84,446.20,N/A,504.80,21662.39,1816.12,8132.40,,N/A,101.60,20383.98,,,,N/A,,N/A,N/A,N/A,83647.36,N/A,42703.16,131549.28,,,,,N/A,310562.50,N/A,N/A,N/A,10933.03,5762720.01
2003-04,,N/A,,,N/A,N/A,,,N/A,N/A,772.44,99259.96,,,,,,N/A,N/A,N/A,N/A,,N/A,N/A,,,,,,,,,,,,307.28,,,,,N/A,,N/A,,,N/A,,,,,,N/A,,,N/A,,,,,N/A,,,12.47,,N/A,N/A,26.00,N/A,N/A,,,,,N/A,,462.00,N/A,539.00,,,N/A,,,,N/A,,N/A,,1346.00,N/A,,,,,,N/A,N/A,,492.99,,N/A,,,,,7.00,3093.58,,1642.72,N/A,N/A,337.13,N/A,N/A,200.56,N/A,,,9195.39,N/A,,445.62,N/A,N/A,N/A,400.50,N/A,,,46.00,,,330.00,N/A,2002.68,,,N/A,N/A,,,N/A,415.94,,N/A,,92.98,,,N/A,1610644.55,739.80,55762.15,1721.54,11192.68,,N/A,,,1.58,N/A,N/A,N/A,0.00,,,,,266.45,,,,,,N/A,12432.40,N/A,58468.42,N/A,469.40,167.52,N/A,667.40,,,25.58,761.20,911.37,N/A,72.40,N/A,451.75,N/A,,N/A,,N/A,,,,N/A,198.50,,N/A,N/A,,6196.20,949.00,N/A,650.85,N/A,634.08,,39509.10,,133296.29,22197.35,,80167.37,N/A,4912.22,N/A,2430.50,N/A,97.00,,N/A,1314.56,N/A,865.10,735.43,,26071.09,N/A,131.10,N/A,,,,,,,,N/A,,,1753.23,15287.13,53820.40,16584.68,,N/A,,,N/A,,,N/A,,N/A,1615.22,,10.00,,7831.85,49057.53,,1234.03,396.00,2045.88,N/A,46587.01,740278.29,,,,N/A,,N/A,6693.96,,,,,,N/A,N/A,2178.22,29827.04,280.41,N/A,78.90,N/A,2357.31,N/A,N/A,,,1595.00,N/A,,,,N/A,N/A,0.00,,,N/A,2.98,,33.20,,,,,1662.95,,,,N/A,N/A,,,,1290.80,1140.43,,325.60,202.38,326.50,148.37,84.02,,6752.34,,,N/A,N/A,N/A,N/A,,,36125.90,N/A,,,N/A,,,,N/A,N/A,,N/A,2.00,1246.90,93.00,,520829.06,,,1249.07,,1335.37,15979.98,33898.31,4826.64,1644.26,61290.62,564.20,,724.60,15813.50,2461.64,2281.79,,N/A,45.00,7877.95,,,N/A,N/A,,,,N/A,56882.32,N/A,21359.10,72581.15,,,,,,239946.63,,147.40,N/A,8329.15,4303657.05
2004-05,,,,,,,N/A,N/A,,,656.22,8606.09,,,,N/A,,,,,N/A,,1190.15,N/A,,,N/A,,N/A,,,,,,,481.50,,,,N/A,1399.00,,,,,N/A,,,,,,N/A,,,N/A,,,,,38.53,,N/A,N/A,N/A,N/A,N/A,13.09,,,N/A,N/A,,,,,250.00,N/A,3979.34,,,N/A,N/A,,N/A,,,35.59,N/A,N/A,N/A,,,,,,,N/A,,278.75,,N/A,,,,N/A,N/A,2888.26,,2557.50,N/A,N/A,142.36,N/A,N/A,1332.00,N/A,,,N/A,18.70,N/A,389.50,N/A,N/A,,150.00,N/A,,,N/A,,N/A,87.80,24.20,1466.60,,,N/A,,,,,181.00,N/A,886.10,,38.64,,,N/A,1042289.68,N/A,28986.84,93.70,4700.20,N/A,,N/A,,0.79,,N/A,N/A,0.00,,,,,287.70,,,,,,N/A,10423.00,N/A,55878.56,N/A,239.50,231.50,,391.95,,,64.00,1307.10,1135.45,,90.50,N/A,989.24,N/A,N/A,195.50,,,,,N/A,N/A,N/A,,N/A,12.00,N/A,1844.50,2413.50,83.90,1039.54,,1607.29,,30846.00,,41063.34,5684.85,,18967.05,N/A,22126.69,,2891.70,155.76,N/A,,N/A,2706.40,,109.00,2568.49,,2852.26,,N/A,N/A,,,N/A,,,,,,N/A,,1845.58,24452.26,24875.09,19864.54,,N/A,,N/A,N/A,,N/A,N/A,,N/A,1681.30,,N/A,,3260.57,44211.88,N/A,1744.74,222.40,2465.19,181.09,21933.11,296467.04,N/A,,N/A,169.50,N/A,,1548.90,,,N/A,N/A,,,544.50,2163.50,22274.28,29.31,N/A,96.40,N/A,788.20,N/A,29.00,,,521.40,N/A,,N/A,,,,0.00,,,20.11,26.50,,20.00,,,N/A,,1073.16,,,,N/A,N/A,,,,503.76,1234.30,,202.90,176.33,456.10,60.90,N/A,,7756.15,,,N/A,,,,,,32105.10,,,,N/A,,N/A,,,N/A,,N/A,0.00,2941.82,N/A,N/A,243453.21,,,1724.80,,1138.67,21849.80,34716.44,3163.90,3847.75,42653.55,506.14,N/A,606.50,10379.10,4020.00,8725.54,N/A,N/A,280.00,7198.94,,,,N/A,N/A,N/A,N/A,N/A,14690.06,,732.60,1069.70,,,,,N/A,52900.63,,N/A,N/A,160.54,2288420.73
2005-06,,N/A,,N/A,,,N/A,,,,455.34,7967.72,,,,,,,N/A,,,N/A,850.30,313.00,,,,,,,,,,,,364.60,,,,N/A,N/A,,,,,N/A,,,,,,60.00,,,155.00,,,,,N/A,,,N/A,,,N/A,2.00,,N/A,,,,,,,752.50,N/A,,,,N/A,,,,N/A,,14.00,N/A,1361.50,92.00,,,,N/A,,,N/A,,128.74,,N/A,,,,N/A,N/A,3630.04,,2237.07,,N/A,N/A,N/A,N/A,699.86,N/A,N/A,,N/A,N/A,N/A,157.50,N/A,N/A,N/A,N/A,N/A,,,N/A,,N/A,68.85,N/A,1674.56,N/A,N/A,N/A,N/A,N/A,,N/A,161.34,N/A,N/A,,N/A,,,15.65,1106702.12,168.04,32313.68,17.00,7931.20,,,,,N/A,,N/A,N/A,N/A,,,,,364.65,,,,,,N/A,14645.20,N/A,53513.99,N/A,375.64,218.00,N/A,885.05,N/A,,242.00,1572.20,1584.30,N/A,156.00,N/A,1220.30,N/A,N/A,305.60,,,,,,N/A,N/A,,N/A,0.00,N/A,1744.10,2319.58,145.06,559.36,,1555.24,,27899.00,,42169.32,6459.75,,25187.00,N/A,25020.26,N/A,2313.20,57.14,462.00,,,1328.29,,0.00,1784.63,,3220.24,,N/A,N/A,,,N/A,,,,,,,,1656.56,36107.14,21095.14,20856.26,,N/A,,N/A,N/A,,,N/A,,N/A,781.14,,N/A,,2740.21,46188.06,,852.57,331.00,2237.12,13.78,20646.17,294469.57,,,N/A,125.31,N/A,,1682.40,,N/A,N/A,,N/A,N/A,40.00,1752.98,21887.46,903.98,57.95,24.50,N/A,644.70,N/A,147.30,,,1806.40,N/A,,,,,N/A,1.40,,N/A,N/A,47.00,,N/A,,,,,1276.40,,,,N/A,N/A,,,,496.80,2256.41,,310.00,346.90,21.40,N/A,N/A,,8241.29,,,433.00,,,,,,29239.00,,,,,N/A,,,,N/A,,,N/A,2049.14,36.00,N/A,208701.14,,,1237.94,N/A,2361.61,10084.20,22764.31,3750.13,3514.15,37144.37,255.64,N/A,792.00,9901.68,2396.00,3030.41,,N/A,116.00,18617.37,,,N/A,N/A,,N/A,110.28,N/A,10352.22,N/A,N/A,952.80,,,,,,41316.70,,,,316.60,2288788.38
2006-07,,N/A,,,,,N/A,,,,49.48,6879.84,,N/A,N/A,,,,,,,N/A,2248.70,N/A,,,,,,,,,,,,1583.70,,,,N/A,N/A,,,N/A,,N/A,,,,,,370.50,,,265.00,,,,,N/A,,,,N/A,,,6.00,,,,,,N/A,N/A,N/A,817.00,N/A,N/A,,N/A,N/A,,,,,,N/A,N/A,,N/A,,,,N/A,,,N/A,,60.00,,,,N/A,,,N/A,1827.32,N/A,4843.42,,N/A,N/A,N/A,N/A,1590.60,N/A,,,N/A,N/A,75.00,124.00,N/A,N/A,,N/A,N/A,,,N/A,,,90.50,N/A,2825.38,,N/A,,,,,,197.90,N/A,683.30,,129.14,,,N/A,1066070.81,458.96,26800.06,479.04,9481.01,,N/A,N/A,,N/A,,,,N/A,,,,,N/A,,,,,,N/A,13428.10,N/A,63888.44,,664.80,514.00,N/A,404.45,,,N/A,3080.90,598.34,,260.50,N/A,1270.20,,N/A,225.80,,,N/A,,N/A,N/A,N/A,N/A,,N/A,N/A,986.90,4163.30,N/A,967.12,,1818.57,,37312.10,,40822.70,9491.00,,20997.00,N/A,24102.23,N/A,2090.20,41.00,34.44,,,1959.74,N/A,27.39,1417.32,,2851.52,,N/A,N/A,,,16.80,,,,,,21.00,,1931.10,29042.66,24928.30,28494.88,N/A,N/A,N/A,N/A,,N/A,,N/A,,N/A,2232.52,,,,1745.45,42738.72,,1363.36,181.10,2622.20,N/A,20949.92,308133.21,,,23.20,N/A,N/A,,2153.70,,,N/A,,,N/A,N/A,1380.42,21247.60,4415.67,N/A,N/A,,1312.00,,N/A,,,644.30,N/A,,,,,,N/A,,N/A,49.00,3.00,,N/A,,,,,356.62,,,,N/A,N/A,,,N/A,158.82,1892.11,N/A,91.50,138.24,105.10,96.27,N/A,,7110.20,,,673.58,,,,,,28616.85,N/A,,,,,,,N/A,N/A,,,N/A,2191.68,90.90,,194334.86,,,1329.44,,1166.72,7988.85,5041.85,5128.30,2701.25,44419.98,620.78,N/A,N/A,9329.40,1406.06,15.00,,,672.00,29840.99,,,,N/A,,N/A,N/A,N/A,11074.91,,695.80,3342.00,,,,,N/A,52392.26,,,,524.20,2277319.19
2007-08,,,,,,,N/A,,N/A,,90.14,5438.24,,,,,,,,,N/A,N/A,1338.88,119.30,,,,,,N/A,,,,,,2219.36,,,N/A,,N/A,,,,N/A,N/A,,,,,,112.37,,,N/A,,,,,N/A,,,N/A,N/A,,N/A,1.03,,,N/A,,,,N/A,,247.00,,,,,,,,N/A,,,,,N/A,N/A,,,,N/A,,,101.00,,92.82,,N/A,,N/A,N/A,N/A,90.90,1359.56,N/A,5334.42,,N/A,N/A,45.00,,560.00,,,N/A,N/A,119.20,67.00,222.70,,N/A,,811.66,N/A,,,N/A,,N/A,136.60,27.80,2588.82,,N/A,,N/A,,,,353.24,220.00,1311.60,,66.78,,,N/A,1158559.22,N/A,23145.18,767.48,9437.11,,,,,N/A,N/A,,,N/A,,,,N/A,179.50,,,,,,31.70,13121.26,N/A,49119.37,,1183.92,59.00,N/A,441.37,N/A,,1133.00,2537.19,471.51,,320.26,,976.33,N/A,N/A,313.00,,N/A,N/A,,N/A,N/A,N/A,,,N/A,N/A,1435.70,2569.69,62.00,690.20,,4147.11,,43931.72,,55813.95,23806.60,,36540.80,,53702.91,N/A,2628.11,124.44,9.00,,,3877.74,N/A,27.98,1921.98,N/A,7812.19,N/A,N/A,N/A,N/A,,N/A,,,,,N/A,N/A,,2624.98,12324.20,29288.90,10600.96,,N/A,,N/A,,N/A,,,,N/A,3142.36,,N/A,N/A,1942.45,27592.54,N/A,1851.15,448.25,8799.59,89.30,40623.95,362861.03,,,140.50,306.00,107.54,N/A,2420.39,,N/A,N/A,,N/A,N/A,88.00,1752.66,19914.59,257.90,48.00,N/A,,1440.10,N/A,N/A,N/A,,N/A,71.82,,,N/A,N/A,,N/A,,185.54,N/A,N/A,,N/A,,N/A,,,370.72,,,,N/A,,,,,541.64,361.14,,115.70,N/A,44.50,89.39,3.96,N/A,7348.97,N/A,,N/A,,,N/A,,,28832.10,N/A,,,,,,,N/A,N/A,,,N/A,3316.86,52.24,,217739.51,,N/A,1334.84,N/A,1197.07,7405.39,9786.42,5560.79,2538.34,38134.61,477.60,,420.62,11545.67,1126.88,244.31,,N/A,119.00,1644.00,,,,N/A,,N/A,N/A,N/A,19153.34,,842.50,N/A,,,4911.40,,N/A,25058.45,,,,930.00,2450784.14
2008-09,N/A,N/A,,N/A,,,N/A,,N/A,,496.48,6376.01,,,,,,,,,,,1739.24,N/A,,,,,,N/A,,,,,,2408.86,,,,N/A,141.00,,,,,N/A,,,,,,N/A,,N/A,N/A,,,,,,,,,,,N/A,0.00,,,,,,,N/A,,N/A,,N/A,,N/A,,,,,,,,N/A,N/A,N/A,,,,,,,576.90,N/A,341.44,,N/A,,,,,N/A,2272.06,N/A,7122.47,,N/A,N/A,178.80,N/A,542.36,,,N/A,N/A,103.24,126.50,835.00,,86.00,,751.57,,,,N/A,,,298.75,27.00,3572.70,,,,,,,N/A,433.26,N/A,1125.20,N/A,163.68,N/A,,N/A,1190280.26,155.84,29988.74,584.50,11385.99,,,,,N/A,,,,N/A,,,,,161.80,,,,,,,15821.60,N/A,66012.92,N/A,2474.80,56.59,,469.90,N/A,,N/A,4881.39,4686.51,,259.00,,946.94,N/A,N/A,135.40,,,N/A,,,N/A,N/A,,,,N/A,974.90,1853.00,77.00,474.30,,4309.94,N/A,47312.81,,74654.93,29298.88,N/A,82233.82,,46157.37,770.40,3838.06,111.72,0.00,,,5522.43,,11.96,942.49,N/A,16064.11,,106.00,N/A,N/A,,29.00,N/A,,,,N/A,N/A,N/A,3183.89,5925.81,33553.07,6970.14,,N/A,,N/A,,,N/A,,,N/A,5494.87,,N/A,N/A,2397.37,20341.96,,1689.28,508.15,16625.25,209.30,69475.85,338818.66,,,82.90,376.45,417.40,N/A,4535.25,,N/A,N/A,N/A,N/A,91.00,296.30,679.20,19046.40,80.48,135.00,N/A,N/A,4012.02,,98.93,,,1500.00,256.00,,,N/A,,,N/A,N/A,N/A,N/A,N/A,,,,N/A,,,298.70,,,,N/A,N/A,,,,472.34,621.81,,492.90,N/A,87.30,131.94,N/A,,7827.79,N/A,,N/A,,,N/A,,,28339.82,N/A,,,,,,,,N/A,N/A,N/A,N/A,3079.06,171.00,,316858.60,,,959.72,N/A,1409.75,13459.46,31771.85,6122.12,1614.78,57928.35,296.92,N/A,1113.00,14211.53,1340.36,33.22,,0.00,40.00,1842.92,N/A,,N/A,N/A,,N/A,N/A,N/A,14280.81,N/A,N/A,N/A,,,6173.85,,N/A,23856.66,,,,292.50,2750304.62
2009-10,,N/A,,,,,N/A,,N/A,,73.08,6900.41,,,N/A,,,,,,N/A,,513.09,126.30,N/A,N/A,,,,N/A,,,N/A,,,589.51,N/A,6525.46,,N/A,N/A,N/A,,,N/A,N/A,N/A,,,N/A,N/A,163.26,,N/A,N/A,,,,,N/A,,,,N/A,,N/A,5.00,,,,,,,,,N/A,,,,N/A,,,,N/A,,,,,N/A,N/A,,,,,,,182.50,N/A,197.44,,,,,,,N/A,2307.76,N/A,6841.25,,N/A,N/A,N/A,N/A,535.22,,,,N/A,140.02,120.50,252.50,,395.50,,556.90,,,,N/A,N/A,N/A,326.40,N/A,1976.76,,,,,N/A,,N/A,515.88,N/A,657.45,,66.70,N/A,,N/A,1019625.82,N/A,22815.03,198.50,10965.63,,,,,,,,,N/A,,,,,N/A,,,,,N/A,N/A,13941.78,,74369.27,N/A,1955.80,854.31,,761.50,,N/A,N/A,2773.64,6937.84,,238.48,,1720.54,,N/A,N/A,,,N/A,,N/A,N/A,N/A,,,N/A,N/A,2577.20,978.02,N/A,848.21,,4863.92,N/A,51944.91,,73908.91,28018.68,N/A,66573.86,,66780.13,613.00,2779.30,202.42,25.44,,,6269.82,,0.00,912.32,N/A,5837.10,,344.96,N/A,N/A,,N/A,N/A,,,N/A,,337.60,N/A,3267.11,8201.51,31060.84,3508.66,,N/A,,N/A,,N/A,,,,N/A,5576.12,,N/A,,4252.17,23917.14,N/A,2463.06,620.22,17968.52,78.00,78129.02,349791.21,,,634.96,1132.23,95.50,N/A,4102.03,N/A,N/A,N/A,N/A,N/A,N/A,110.90,1309.09,16521.38,N/A,158.40,N/A,N/A,978.80,,N/A,,,2905.90,N/A,N/A,,N/A,,,,,,N/A,N/A,,N/A,N/A,,,,248.20,,,,93.50,N/A,,,,236.24,404.13,,321.00,609.71,108.20,100.20,N/A,,12109.87,N/A,,N/A,,,N/A,,,40083.90,N/A,,,,,,,,,,,N/A,1749.65,N/A,,372139.74,N/A,,825.88,N/A,488.11,12280.04,36288.35,10948.46,1658.19,52682.50,435.38,,725.30,14397.78,1474.24,99.31,,N/A,22.00,3490.91,,N/A,,N/A,,,N/A,N/A,4568.50,,1031.50,N/A,N/A,,6616.20,,N/A,19428.10,,,,490.70,2667280.40
2010-11,,N/A,,,,,N/A,,,,65.54,6344.73,,,,,N/A,,,,,N/A,342.08,N/A,N/A,N/A,,,,N/A,,N/A,N/A,,,292.17,N/A,1831.98,,N/A,157.71,N/A,,,,N/A,,N/A,,N/A,670.64,148.37,N/A,282.68,126.16,,N/A,,,N/A,,,,N/A,,N/A,0.00,,,,,N/A,,N/A,,N/A,,,,N/A,,N/A,,,,,,,N/A,N/A,N/A,,,N/A,,,91.00,,373.46,,,,,,,N/A,2071.56,,7451.78,,154.30,2440.94,N/A,N/A,245.35,,,N/A,N/A,78.40,107.70,121.34,,61.50,,N/A,,,,N/A,,N/A,247.30,N/A,936.10,,,,,,,N/A,474.30,3267.00,542.50,,122.50,N/A,,N/A,873510.61,453.00,19516.22,N/A,8437.51,,,,N/A,N/A,,,,,,N/A,,,N/A,,,,,N/A,N/A,13252.97,N/A,62738.53,,1533.52,N/A,,212.70,,,299.00,2133.80,1628.42,N/A,206.28,N/A,2370.91,,N/A,N/A,,,N/A,,,N/A,N/A,,,,,1478.20,1251.50,N/A,697.63,N/A,5389.19,N/A,38893.14,,73525.48,17246.20,,64623.44,N/A,52754.88,N/A,3182.48,152.28,88.86,,,6672.98,N/A,N/A,1645.90,,3054.98,,292.70,N/A,N/A,,N/A,,,,,N/A,N/A,,2605.66,5276.72,25377.25,6301.70,,,,,,N/A,,,,,4300.68,N/A,N/A,,2149.39,19779.76,N/A,2122.67,310.90,15037.94,133.07,66574.37,330272.58,N/A,,183.00,553.55,N/A,N/A,3687.59,N/A,N/A,N/A,N/A,,N/A,122.95,1427.89,11236.28,184.00,64.29,N/A,,830.90,N/A,N/A,,N/A,1462.00,86.00,,,,,,,,N/A,N/A,,,N/A,,,,,228.50,N/A,,,N/A,N/A,,,,369.67,501.28,,501.00,N/A,14.50,35.20,,,13650.12,,,N/A,,,N/A,,,32481.69,,,,,,,,,N/A,,,N/A,1827.34,81.78,,288532.60,,,2093.45,N/A,1062.94,7550.22,22719.60,4457.21,1020.67,30880.10,416.93,,45.60,17160.47,1997.20,N/A,,N/A,202.10,1867.93,,,,,,N/A,N/A,,3629.65,N/A,3722.50,868.00,N/A,,5250.68,,,15480.97,,,N/A,610.60,2253504.91
2011-12,,N/A,,,,,N/A,,,,N/A,5823.29,,,N/A,,,,,,N/A,,449.19,N/A,N/A,N/A,,,,N/A,,,N/A,,N/A,495.01,,3253.60,,,180.98,N/A,,,N/A,,,,,N/A,N/A,N/A,,1803.86,433.26,,,,N/A,N/A,,,,N/A,,N/A,N/A,,,,,,N/A,,,N/A,,,,N/A,,,,,,,,,,N/A,,,,,,,86.00,,435.80,N/A,,,,,,N/A,1699.02,,3805.60,,N/A,N/A,N/A,N/A,214.50,,,,N/A,132.12,188.00,150.20,,N/A,,226.20,N/A,,,N/A,,N/A,313.30,N/A,1338.28,,,,,,,,239.10,N/A,546.00,,N/A,N/A,N/A,N/A,783482.40,N/A,18720.64,N/A,7254.71,,N/A,,,,,,,N/A,,,,,N/A,,,,,,N/A,8717.10,N/A,44332.89,,472.00,N/A,,510.80,,,299.00,1916.79,1102.38,,263.74,,1389.56,N/A,N/A,N/A,,,,,,115.00,N/A,,,N/A,N/A,2692.90,1167.66,N/A,565.08,N/A,5882.70,N/A,36076.56,,54072.23,15437.98,,51963.38,N/A,54666.56,N/A,2472.68,224.62,59.00,,,5427.56,N/A,N/A,2035.20,,2883.80,,N/A,N/A,,,11.30,,,,N/A,,N/A,,2456.31,5075.89,27732.16,2440.00,,,N/A,,,,N/A,,,,2579.30,N/A,,,2353.30,19486.18,,2058.65,216.52,13927.02,235.60,57929.15,305582.08,,,77.40,1137.03,N/A,N/A,1813.73,N/A,N/A,N/A,N/A,N/A,N/A,106.00,525.19,10153.58,N/A,128.75,N/A,N/A,532.40,N/A,N/A,,,1694.05,59.00,,,N/A,,,,,,N/A,N/A,N/A,N/A,,,,,164.50,,,,N/A,,,,,243.00,387.34,,218.00,N/A,N/A,26.28,N/A,N/A,11960.13,,,N/A,,,,,,22302.20,,,N/A,,,,,,,,,N/A,2027.16,N/A,N/A,269829.23,,N/A,1204.78,N/A,729.50,6529.10,23333.41,7822.65,806.68,29296.37,359.12,N/A,185.00,11915.18,1347.32,N/A,,N/A,152.38,363.97,,,,N/A,,13.50,N/A,N/A,4234.53,,2985.00,411.70,N/A,,4188.80,,,11360.12,,,,600.30,2010691.18
2012-13,,,,N/A,,,N/A,,N/A,,N/A,7129.85,,,N/A,,,,,,,N/A,248.07,,,N/A,,N/A,,N/A,,,N/A,,,342.44,,N/A,,N/A,181.78,,,,,,,,,N/A,N/A,N/A,,N/A,N/A,,,,N/A,N/A,,,,,,N/A,0.00,,,,,,,,,N/A,,,,N/A,,,,,,,,,645.40,N/A,N/A,,N/A,,,,116.00,,42.20,,,,,,,N/A,1091.22,,4432.88,,N/A,N/A,,N/A,442.68,,,,,119.69,139.80,91.00,N/A,11.50,,308.80,,,N/A,N/A,,N/A,215.00,N/A,1202.74,N/A,,,,,,,312.50,108.00,665.55,,47.20,N/A,,N/A,810963.56,N/A,19974.54,N/A,7591.32,,,,N/A,N/A,,,,,,,,,N/A,,,,,,N/A,8253.60,,38968.60,N/A,367.54,113.40,,464.20,,,N/A,2332.68,855.08,,199.81,,919.65,N/A,N/A,N/A,,N/A,,,,,N/A,,,N/A,,553.30,1012.61,,246.40,N/A,7378.65,,33256.86,,55500.57,25185.62,,58801.26,16.00,48964.61,N/A,2640.83,389.60,N/A,,,4204.84,N/A,N/A,716.48,N/A,3540.70,,306.60,N/A,N/A,N/A,33.90,,,,,,N/A,,2488.43,10709.36,27410.14,1930.26,,,,,,N/A,,,N/A,,2805.17,,N/A,,1637.21,19326.24,,2456.12,341.80,11012.79,255.15,63700.97,290215.41,,,209.40,1154.85,N/A,N/A,1614.10,,,N/A,N/A,N/A,,58.50,529.67,13770.12,718.17,132.30,N/A,,474.60,N/A,712.20,,,4441.00,N/A,,,N/A,,,N/A,,,,,,N/A,,N/A,,,173.04,,,,N/A,N/A,,,,287.00,646.68,,778.00,N/A,21.00,N/A,N/A,,9566.34,N/A,,N/A,,,N/A,N/A,N/A,22878.49,,,N/A,,,,,N/A,,,N/A,N/A,2046.66,N/A,,269948.25,,N/A,1083.22,N/A,670.20,7741.05,49071.95,6393.54,1089.29,29806.30,116.00,N/A,1522.00,9336.47,1170.88,0.00,,N/A,191.00,4.00,,N/A,,N/A,,N/A,N/A,,3005.75,N/A,N/A,N/A,N/A,,3836.20,,,11921.35,,,N/A,110.50,2053306.13
2013-14,,,,N/A,,,N/A,,,,N/A,5712.15,,,N/A,,,,,,,N/A,472.28,N/A,,N/A,,,,N/A,,,N/A,,,513.94,,N/A,,N/A,,,,,,,,,,N/A,N/A,N/A,,N/A,N/A,,,,,N/A,,,,,,N/A,0.00,N/A,,,,,,N/A,,N/A,,,,N/A,,,,,,,,,N/A,,,,N/A,,,N/A,86.00,,65.92,,,,,,,,930.88,,3296.40,,N/A,N/A,N/A,,254.50,,,,N/A,67.80,265.50,764.40,N/A,220.50,,389.20,,,N/A,N/A,,N/A,332.60,N/A,817.20,,,N/A,,,,N/A,215.60,1541.00,699.00,,200.90,N/A,,N/A,905523.60,222.58,20316.12,1231.00,7613.27,,,,,N/A,,,,,,,,,N/A,,,,,,,10468.82,N/A,54943.87,,529.80,N/A,,189.90,,,N/A,1939.90,772.62,,36.50,,713.55,,N/A,N/A,,,,N/A,,N/A,75.00,,,,,880.70,483.25,N/A,399.38,N/A,10420.15,N/A,45008.75,,53614.09,22294.05,,63430.71,27.10,40775.60,100.00,1912.55,242.40,18.72,,N/A,6660.22,,N/A,1943.54,N/A,6602.40,,321.80,1066.60,N/A,,69.70,,,,N/A,,N/A,,2279.47,10924.52,26102.85,2415.85,,,,,,N/A,N/A,N/A,,,2155.83,N/A,N/A,,1390.77,13707.46,,2706.70,469.96,10284.69,549.49,66150.36,283730.06,,N/A,N/A,821.75,N/A,N/A,613.68,N/A,N/A,N/A,N/A,,N/A,202.00,229.48,11939.80,88.00,65.60,N/A,,334.80,N/A,242.35,,,557.00,,N/A,N/A,N/A,,,N/A,,N/A,N/A,N/A,,,,N/A,,,119.80,,,,N/A,N/A,,,N/A,110.00,47.00,,77.00,N/A,25.10,78.20,N/A,,12057.61,N/A,,N/A,,,N/A,,,21186.21,N/A,,N/A,,,,,,,,N/A,N/A,1721.18,N/A,,276821.20,,N/A,1150.15,N/A,448.37,7301.61,50564.67,5154.75,828.74,27842.17,N/A,N/A,100.22,10389.05,1193.34,N/A,,N/A,30.00,2630.00,,,,N/A,,N/A,,,2390.57,N/A,1720.50,N/A,N/A,,3967.80,,,16488.10,,,N/A,85.80,2168604.19
2014-15,,,,,,,N/A,,,,N/A,4553.31,,,,,,,,,N/A,N/A,234.98,N/A,,N/A,,,,N/A,,,,,,711.06,,N/A,,N/A,N/A,,,,,,,,,,N/A,N/A,,N/A,,,,,,,,,,,,,N/A,,,,,,,N/A,,N/A,,,N/A,,,,,,,,,,N/A,,N/A,,,,,N/A,38.80,,25.60,,,,,,,,419.00,N/A,3604.17,,240.50,32.60,N/A,,271.90,,N/A,,,102.90,74.30,1525.80,N/A,N/A,N/A,311.80,,,,,,N/A,211.85,N/A,788.26,,,N/A,,,,,443.59,N/A,1057.20,,120.00,,N/A,N/A,818402.03,N/A,21240.11,741.00,9744.39,,,,,N/A,,,,,,,,,N/A,,,,,,N/A,11751.24,,53608.92,N/A,495.04,N/A,,142.50,,,N/A,2381.86,250.10,,99.54,,807.50,,,N/A,,,N/A,,,,N/A,,,N/A,N/A,969.10,568.30,,654.86,N/A,6938.45,,50235.63,,53456.97,19817.62,,76826.21,,43529.68,682.90,1932.64,225.86,N/A,,451.29,7729.67,N/A,N/A,1421.23,N/A,9189.65,,259.20,1239.50,,,44.00,,N/A,,,,,N/A,2106.82,13304.71,21181.25,4572.42,,N/A,,N/A,,,N/A,,,N/A,1266.98,,N/A,,2072.53,14492.06,N/A,1275.58,330.98,10024.08,167.98,66906.10,268317.30,,,65.80,1747.20,111.40,N/A,698.40,N/A,N/A,N/A,N/A,N/A,N/A,375.70,550.75,22168.98,354.81,77.50,,,2380.40,,N/A,,,2033.00,N/A,,N/A,,,,N/A,,N/A,N/A,N/A,,,,,,,184.00,,,,N/A,,,,,101.70,338.75,,244.50,N/A,41.50,68.10,,,10675.15,N/A,,N/A,,,N/A,,N/A,19622.75,N/A,,,,,,,N/A,,,N/A,N/A,1162.52,N/A,,280423.70,,,1121.66,N/A,172.10,4024.64,47337.87,7923.86,620.16,34288.72,328.70,N/A,301.30,12881.06,1737.22,89.00,,N/A,100.00,6507.00,,,,N/A,,N/A,,N/A,3210.56,,2249.40,N/A,,,3673.40,,,22633.52,,,,503.10,2114945.86
2015-16,,,,,,,,,,,N/A,4978.91,,,,,,,,,,,364.93,N/A,,N/A,,,,N/A,,,N/A,,,733.38,,N/A,,,N/A,N/A,,,N/A,,,38.74,,N/A,N/A,N/A,,N/A,N/A,,,,N/A,N/A,,,,,,,0.00,,,,,,,,,N/A,,,,,,,N/A,,,,,,N/A,N/A,N/A,N/A,,,,,107.60,,71.70,,,,,,,N/A,918.00,,3865.04,,228.40,1722.61,N/A,,352.60,,N/A,,N/A,98.10,73.90,1514.70,,205.38,,450.60,N/A,,,,,N/A,117.95,N/A,804.60,N/A,N/A,N/A,,,,,481.20,369.00,1194.42,N/A,74.50,,N/A,N/A,871506.30,N/A,27092.26,1403.20,7995.22,,,,,N/A,,,,,N/A,,,,N/A,,,,,,,9650.41,,52401.77,,917.08,N/A,N/A,100.50,,,N/A,3407.03,2960.78,N/A,35.48,,315.00,N/A,N/A,98.00,,,,,N/A,,N/A,,,,,1918.95,628.86,N/A,1080.88,N/A,9288.03,N/A,53764.57,,46793.10,15754.35,,88028.03,31.00,39850.95,1023.25,2204.55,185.78,21.58,N/A,N/A,6350.70,N/A,N/A,1289.90,N/A,9259.75,,571.30,2007.30,,,N/A,,N/A,N/A,,,N/A,N/A,1911.45,10683.96,21798.91,4184.62,,,,,,N/A,N/A,,,,1752.42,,N/A,N/A,3300.17,17473.73,N/A,1378.84,590.46,11705.50,169.50,60082.50,229431.71,,,99.60,1011.00,148.20,3735.78,785.78,N/A,N/A,N/A,N/A,N/A,N/A,252.25,963.07,24912.83,780.18,181.50,N/A,,6430.30,,2204.00,,,2061.00,N/A,,N/A,,,,N/A,,N/A,N/A,8.00,,N/A,,,,,140.94,,,N/A,N/A,,,,,213.42,748.49,,170.00,N/A,128.80,113.54,N/A,N/A,7420.69,,,N/A,,,N/A,,,17794.26,N/A,,N/A,,,,,N/A,,,N/A,,1069.71,,,245001.46,,,911.10,,662.08,5489.76,53969.83,7448.45,769.51,35684.40,347.00,N/A,596.60,14446.73,1978.40,23.00,,N/A,148.19,120.99,,N/A,,N/A,,N/A,N/A,,3237.38,,2101.40,N/A,N/A,,2878.40,,N/A,15916.34,,,824.90,219.40,2115177.25
2016-17,,N/A,,,,,N/A,,N/A,,N/A,11414.05,N/A,,,,,,N/A,,,N/A,97.79,N/A,N/A,N/A,,,,N/A,,,,,,624.96,,N/A,,N/A,,N/A,,,N/A,,N/A,N/A,,,N/A,N/A,,N/A,,,N/A,,,,,,N/A,,,,12.12,,,,,N/A,,,,N/A,,,,,,N/A,,,N/A,,,N/A,685.00,N/A,,N/A,,,,,62.00,,75.00,,,,,,N/A,N/A,2302.18,,6866.01,,270.40,5163.04,62.60,,107.23,N/A,,N/A,N/A,14.00,44.40,1232.00,N/A,89.50,,465.80,,,,,N/A,N/A,39.70,N/A,1033.60,N/A,N/A,N/A,,,,,380.10,N/A,1497.90,,80.50,,N/A,N/A,918683.19,N/A,23301.35,1266.12,9237.26,,,,,N/A,,,,N/A,,,,,N/A,,,,,,76.50,16869.15,N/A,49039.14,,789.95,N/A,N/A,259.00,,,202.00,4212.89,10782.68,N/A,58.55,,140.00,,N/A,N/A,,N/A,N/A,N/A,,,N/A,N/A,,N/A,,1800.50,513.44,,346.60,N/A,8725.45,141.00,62718.80,,47985.57,17181.35,,103611.27,205.00,29336.08,721.00,2386.25,75.60,N/A,,N/A,4819.38,N/A,N/A,1803.31,N/A,12598.80,,365.50,1481.00,N/A,,26.80,,N/A,N/A,,N/A,N/A,N/A,1084.34,7047.38,19368.48,7133.28,,N/A,,N/A,,N/A,,,,,1771.50,,N/A,,3911.51,17118.20,N/A,3060.08,870.70,9562.11,339.04,58569.15,214837.58,,,N/A,878.25,93.90,534.63,746.23,N/A,25.00,,N/A,N/A,61.00,223.20,1409.80,30908.82,N/A,85.00,,N/A,5813.70,N/A,12216.80,,,3194.00,N/A,,N/A,N/A,,,N/A,,N/A,N/A,N/A,,N/A,,,,,184.84,N/A,,,N/A,N/A,,,,676.60,674.19,,360.80,N/A,48.30,53.57,N/A,N/A,4462.16,N/A,,N/A,,,N/A,,,17249.35,,,N/A,,,,,N/A,N/A,,,,1218.90,N/A,N/A,255450.32,,,841.57,,340.62,6972.84,10815.21,6823.70,814.17,30453.41,379.84,N/A,1680.30,9087.93,2752.16,N/A,,N/A,163.38,17709.00,,N/A,,N/A,,N/A,N/A,,1862.04,,N/A,N/A,N/A,,2852.40,,,11393.50,,,N/A,1013.80,2162591.73
2017-18,,N/A,,,,,N/A,,,,,7065.05,,,N/A,,,,,,N/A,N/A,229.73,N/A,N/A,N/A,,,,N/A,,N/A,103.09,,,347.80,,N/A,,N/A,N/A,N/A,,N/A,,,,N/A,N/A,N/A,1707.70,109.67,360.98,N/A,N/A,0.00,N/A,,N/A,N/A,,,,,,N/A,3.00,,,,,,N/A,N/A,,N/A,N/A,,,,,,,,N/A,,,,N/A,N/A,N/A,,,N/A,,,343.20,N/A,58.34,,,N/A,,,,,5228.04,,4546.85,,373.30,529.70,N/A,N/A,109.90,,,N/A,N/A,131.30,44.50,2175.90,,166.80,,315.90,,,,N/A,,N/A,124.60,50.00,1714.10,,N/A,,,,,,418.40,266.00,711.80,,126.10,N/A,,N/A,907962.79,N/A,23749.89,412.90,6869.83,,,,,N/A,,N/A,,N/A,,,,,N/A,,,N/A,N/A,,N/A,19673.90,N/A,56757.54,N/A,682.90,N/A,N/A,265.00,N/A,,N/A,2657.26,9053.06,,35.70,,N/A,N/A,N/A,,,N/A,N/A,,N/A,N/A,247.30,,,N/A,,1836.50,589.00,N/A,598.14,N/A,6193.52,N/A,47093.20,,55957.62,16847.00,N/A,114754.08,21.80,24773.05,439.50,2118.00,169.50,N/A,,N/A,7737.63,N/A,218.48,804.92,N/A,9328.33,,123.00,618.00,N/A,,64.80,,N/A,N/A,N/A,,N/A,N/A,2510.73,6348.77,21449.13,8576.28,,N/A,,,,N/A,N/A,,,N/A,3724.38,N/A,N/A,N/A,3890.88,12342.99,N/A,3060.59,964.30,10247.93,632.52,62381.99,249496.52,,,122.10,1331.70,570.20,N/A,1310.55,N/A,61.50,N/A,36.00,N/A,127.10,528.40,1601.18,13099.92,279.65,275.40,N/A,N/A,13938.40,N/A,28436.39,,N/A,3167.50,N/A,,N/A,,N/A,,,N/A,N/A,N/A,N/A,,N/A,,,,N/A,240.34,,N/A,N/A,N/A,,,,,144.80,267.24,,50.50,N/A,107.20,153.50,27.60,,6179.51,N/A,,N/A,,,,,,18641.29,,,N/A,,,,,N/A,N/A,,,,645.60,N/A,,281768.76,,,646.02,N/A,507.83,12972.59,14710.34,5124.65,743.95,35813.94,1233.60,N/A,254.30,7616.04,1953.87,N/A,,N/A,N/A,11605.63,,N/A,,,,,N/A,,2042.67,,N/A,N/A,,75.00,6150.95,,,8501.85,,,,376.14,2225964.67
2018-19,,N/A,,,,,N/A,,,,N/A,2632.17,,,,,,,,N/A,N/A,,,N/A,N/A,N/A,,N/A,,N/A,,,N/A,N/A,N/A,N/A,,N/A,,N/A,N/A,N/A,N/A,N/A,N/A,,,N/A,,N/A,2023.23,N/A,964.66,N/A,61.42,13.28,N/A,,N/A,N/A,,,N/A,,,,5.00,,,,,,,,,N/A,N/A,,,,,,,N/A,N/A,,,N/A,N/A,,N/A,N/A,,N/A,,,308.10,,36.56,,,,,,N/A,N/A,6936.70,,7539.70,N/A,225.60,1842.36,N/A,,427.70,,,N/A,N/A,129.50,61.70,482.00,N/A,202.40,,140.50,,,,,,45.00,179.45,62.10,5129.45,,N/A,,,,,,603.00,511.00,707.50,N/A,285.70,N/A,,N/A,806718.25,N/A,10384.14,2545.50,7822.60,,,,,N/A,,,,N/A,,,,,N/A,,,,,,N/A,14086.50,N/A,54560.53,,371.60,N/A,N/A,172.40,,,113.48,1828.50,8647.55,N/A,106.10,,452.80,79.40,N/A,N/A,,,,,N/A,N/A,391.46,,,N/A,N/A,1517.50,446.50,,115.00,N/A,2663.30,N/A,38854.44,N/A,48537.38,14863.45,N/A,81692.38,78.10,30539.46,853.00,2806.55,272.10,11.00,,829.50,7147.55,,66.00,1670.39,52.00,2027.04,N/A,164.60,1090.00,,N/A,71.50,,,N/A,N/A,,1011.40,N/A,4714.29,2950.98,17033.01,6582.10,,N/A,,N/A,,N/A,N/A,,,,5538.24,N/A,38.50,,4177.19,4019.46,N/A,3237.10,1536.65,6882.56,1337.53,66549.66,224868.58,,,161.60,1700.65,347.00,N/A,943.60,28.00,178.60,22.00,46.70,,145.90,343.80,2045.88,12515.90,228.00,138.00,N/A,N/A,4723.80,N/A,132354.01,,N/A,1008.00,N/A,N/A,N/A,,N/A,,N/A,,,N/A,N/A,,N/A,,,,N/A,170.80,,,N/A,N/A,,,,,369.60,229.30,,1370.20,273.00,15.30,22.00,46.50,,9406.39,,,117.00,,,,N/A,,13195.20,N/A,,N/A,,,,,N/A,N/A,,,,478.50,N/A,,255529.57,,,517.70,N/A,283.50,4390.96,6429.48,6838.78,788.44,28264.74,304.64,,1297.02,6430.82,2724.86,N/A,,N/A,N/A,18398.96,,N/A,,,,N/A,N/A,,143.91,,,,,16.00,9975.45,,N/A,,,,N/A,1513.63,2057809.58
2019-20 incomplete,,N/A,,,,N/A,N/A,,,,N/A,1188.83,,,,,,,N/A,,,,N/A,N/A,,N/A,,,N/A,N/A,N/A,,,N/A,,,,,N/A,N/A,N/A,N/A,N/A,N/A,,,,N/A,,,281.37,N/A,549.16,N/A,N/A,N/A,N/A,,N/A,,,,N/A,,,N/A,N/A,,,,,,,,,N/A,,,,,,,,,N/A,,,,N/A,N/A,,N/A,,N/A,N/A,,100.00,,20.40,,N/A,,,,N/A,,1105.50,,4416.96,,277.00,510.50,N/A,N/A,855.00,,N/A,,N/A,91.50,67.50,195.90,,120.80,,188.00,,,,,,N/A,218.40,47.95,2101.00,N/A,N/A,,,N/A,,,587.40,249.50,765.80,,118.45,,N/A,N/A,413421.59,N/A,6751.84,518.50,6158.70,,,,,N/A,N/A,,,,,,,,N/A,,,,,,N/A,7909.20,N/A,25692.30,,213.50,N/A,,119.90,,,129.34,2025.90,1921.58,,75.50,,146.39,52.40,N/A,N/A,,,,,N/A,,289.84,N/A,,,,685.30,650.50,,97.20,N/A,1492.95,N/A,34769.44,,26570.57,6019.90,,41031.78,64.50,15919.60,784.00,1270.12,130.20,N/A,N/A,N/A,3334.39,N/A,N/A,569.36,8.00,1028.90,,323.40,501.00,N/A,N/A,35.80,,,N/A,N/A,,N/A,N/A,3000.90,964.52,11474.62,6483.22,,,,N/A,,N/A,N/A,,,N/A,2849.38,N/A,,,597.64,9893.13,N/A,1936.69,1034.30,3708.04,1731.69,46379.23,131021.60,,,75.90,807.68,57.00,N/A,556.50,,103.50,,40.00,N/A,60.60,503.20,1145.20,5455.40,102.79,145.60,N/A,N/A,530.50,N/A,580.91,,,N/A,N/A,N/A,N/A,,,,N/A,,,N/A,,,,,,,,130.90,,,N/A,N/A,,,,,192.20,329.02,,72.00,N/A,36.90,26.00,N/A,,5077.36,,,N/A,,,,,,9380.80,,,N/A,,,,,,N/A,N/A,,,675.40,N/A,,206655.37,,,881.74,,254.82,10752.42,41333.64,1563.45,1218.60,21028.20,260.50,,515.68,2063.00,1746.62,,,N/A,N/A,22008.51,,N/A,,N/A,,N/A,N/A,,154.90,,,,,0.00,5473.80,,,,,,N/A,862.70,1182044.71
Grand Total,500.80,782.54,N/A,77.64,N/A,N/A,78440.58,N/A,1062.05,N/A,6849.68,1558403.51,N/A,N/A,103.96,N/A,N/A,N/A,40.00,18.25,146.84,716.55,10397.01,1906.09,526.22,2926.80,N/A,N/A,N/A,2873.74,N/A,N/A,6035.14,N/A,N/A,13304.86,N/A,12054.32,N/A,934.12,4102.03,464.47,N/A,N/A,240.88,885.60,N/A,487.72,N/A,851.58,7988.35,1932.09,1898.21,6321.80,2130.51,13.28,29.28,N/A,579.00,261.53,164.60,N/A,817.81,880.60,N/A,417.58,173.76,N/A,N/A,N/A,N/A,860.80,37.50,2945.44,N/A,7755.49,3.00,21846.02,N/A,348.00,64.04,34.50,N/A,115.20,211.20,N/A,81.59,N/A,54182.40,719.00,48.00,N/A,N/A,44.50,N/A,5.00,3524.25,N/A,5334.34,N/A,15.50,N/A,N/A,N/A,15.20,174.37,65194.00,5062.80,88326.99,N/A,3173.10,15155.84,2054.70,1478.96,11476.90,104.24,11.00,83.50,133147.35,1837.43,1634.30,16107.52,35.56,2077.92,54.80,9957.33,44.45,N/A,N/A,996.03,18.50,176.80,7182.74,339.15,116586.40,32.00,107.00,463.85,N/A,18.00,N/A,53.30,9154.16,10318.00,14082.02,N/A,4570.23,336.00,29.90,899.08,38003924.13,9953.90,1464012.05,24395.59,278031.17,N/A,N/A,97.50,24.00,299.03,40.64,11.50,N/A,22.00,N/A,N/A,N/A,N/A,6004.35,N/A,N/A,11064.90,N/A,N/A,2510.47,293414.17,84.38,1762526.17,677.00,15678.09,19374.87,836.33,9602.62,83.20,N/A,3510.62,56166.50,60639.86,44.00,3727.21,N/A,18144.76,349.09,247.29,1773.65,N/A,200.00,N/A,N/A,165616.14,7206.38,3004.47,0.00,199.45,222.30,4717.16,58859.38,36223.94,3090.07,14687.16,1934.30,124983.99,404.80,912829.82,N/A,2169619.34,527248.56,28.00,2341528.79,697.25,661270.40,19570.55,63680.58,3114.82,3052.62,27.50,2619.52,95698.86,146.00,13549.29,24561.55,234.00,528527.91,N/A,5387.86,21900.70,63.90,N/A,537.30,N/A,23.00,N/A,160.00,215.50,1584.10,522.70,61875.01,891880.41,1291529.49,319555.56,N/A,1005.81,N/A,177.40,7.35,68.00,263.90,6.70,N/A,82.90,71267.76,168.32,266.84,39.50,72903.42,1608446.03,336.30,52646.57,15098.59,172628.88,6724.04,1506908.00,14997490.95,N/A,N/A,2107.26,13390.07,2402.32,8151.40,108229.93,125.20,517.60,223.00,242.20,457.18,1681.60,7662.40,52431.42,817665.83,11063.02,2014.64,782.54,194.60,68221.64,58396.73,182826.70,N/A,N/A,48557.87,2400.05,61.60,49.10,19.65,67.40,1.72,21.24,N/A,454.74,4839.95,261.70,N/A,417.00,N/A,2.20,N/A,N/A,33820.15,N/A,N/A,48.50,1031.00,5125.40,N/A,N/A,N/A,10370.17,32962.13,N/A,17662.40,7796.23,122747.31,2397.36,606.16,N/A,170805.38,279.20,N/A,2125.16,N/A,N/A,447.91,N/A,N/A,790729.73,252.07,N/A,N/A,N/A,N/A,N/A,N/A,31.30,113.22,N/A,254.30,26.80,38963.70,4162.09,2535.40,11666058.38,N/A,301.00,25746.29,1356.93,19252.86,219926.83,691820.79,207471.58,40556.52,1451755.89,11298.64,1062.26,14998.04,384167.93,48992.93,40464.96,270.75,3583.10,4142.67,234745.29,N/A,1008.20,2.10,1166.95,N/A,369.66,503.06,15.08,713736.25,212.70,775388.15,1618526.46,2271.20,91.00,65949.33,6215.13,11588.90,2842135.19,398.90,3000.80,4056.57,158753.72,97208849.62
